{"cameraMode":{"drawMode":0,"name":"Shaded","section":"Shading Mode"},"sceneLighting":false,"audioPlay":false,"sceneViewState":{"m_AlwaysRefresh":false,"showFog":true,"showSkybox":false,"showFlares":true,"showImageEffects":true,"showParticleSystems":true,"showVisualEffectGraphs":true,"m_FxEnabled":true},"in2DMode":false,"pivot":{"x":17.702865600585939,"y":6.7636847496032719,"z":-6.56794548034668},"rotation":{"x":0.0011568570043891669,"y":0.9705358147621155,"z":-0.2409132719039917,"w":0.004659233149141073},"size":0.7088723182678223,"orthographic":false}